schoolID,logoUrl,name,mascot,record,wins,losses,ties,divisionID
62,https://a.espncdn.com/combiner/i?img=/i/teamlogos/ncaa/500/62.png&h=2000&w=2000,Hawai'i,Rainbow Warriors,0-0,0,0,0,25
23,https://a.espncdn.com/combiner/i?img=/i/teamlogos/ncaa/500/23.png&h=2000&w=2000,San Jos√© State,Spartans,0-0,0,0,0,25
2426,https://a.espncdn.com/combiner/i?img=/i/teamlogos/ncaa/500/2426.png&h=2000&w=2000,Navy,Midshipmen,0-0,0,0,0,10
113,https://a.espncdn.com/combiner/i?img=/i/teamlogos/ncaa/500/113.png&h=2000&w=2000,UMass,Minutemen,0-0,0,0,0,19
195,https://a.espncdn.com/combiner/i?img=/i/teamlogos/ncaa/500/195.png&h=2000&w=2000,Ohio,Bobcats,0-0,0,0,0,21
2638,https://a.espncdn.com/combiner/i?img=/i/teamlogos/ncaa/500/2638.png&h=2000&w=2000,UTEP,Miners,0-0,0,0,0,18
2229,https://a.espncdn.com/combiner/i?img=/i/teamlogos/ncaa/500/2229.png&h=2000&w=2000,Florida International,Panthers,0-0,0,0,0,18
158,https://a.espncdn.com/combiner/i?img=/i/teamlogos/ncaa/500/158.png&h=2000&w=2000,Nebraska,Cornhuskers,0-0,0,0,0,17
57,https://a.espncdn.com/combiner/i?img=/i/teamlogos/ncaa/500/57.png&h=2000&w=2000,Florida,Gators,0-0,0,0,0,28
253,https://a.espncdn.com/combiner/i?img=/i/teamlogos/ncaa/500/253.png&h=2000&w=2000,Southern Utah,Thunderbirds,0-0,0,0,0,
2210,https://a.espncdn.com/combiner/i?img=/i/teamlogos/ncaa/500/2210.png&h=2000&w=2000,Elon,Phoenix,0-0,0,0,0,
2623,https://a.espncdn.com/combiner/i?img=/i/teamlogos/ncaa/500/2623.png&h=2000&w=2000,Missouri State,Bears,0-0,0,0,0,
2309,https://a.espncdn.com/combiner/i?img=/i/teamlogos/ncaa/500/2309.png&h=2000&w=2000,Kent State,Golden Flashes,0-0,0,0,0,21
2448,https://a.espncdn.com/combiner/i?img=/i/teamlogos/ncaa/500/2448.png&h=2000&w=2000,North Carolina A&T,Aggies,0-0,0,0,0,
227,https://a.espncdn.com/combiner/i?img=/i/teamlogos/ncaa/500/227.png&h=2000&w=2000,Rhode Island,Rams,0-0,0,0,0,
2598,https://a.espncdn.com/combiner/i?img=/i/teamlogos/ncaa/500/2598.png&h=2000&w=2000,St. Francis (PA),Red Flash,0-0,0,0,0,
24,https://a.espncdn.com/combiner/i?img=/i/teamlogos/ncaa/500/24.png&h=2000&w=2000,Stanford,Cardinal,0-0,0,0,0,26
97,https://a.espncdn.com/combiner/i?img=/i/teamlogos/ncaa/500/97.png&h=2000&w=2000,Louisville,Cardinals,0-0,0,0,0,12
193,https://a.espncdn.com/combiner/i?img=/i/teamlogos/ncaa/500/193.png&h=2000&w=2000,Miami (OH),RedHawks,0-0,0,0,0,21
47,https://a.espncdn.com/combiner/i?img=/i/teamlogos/ncaa/500/47.png&h=2000&w=2000,Howard,Bison,0-0,0,0,0,
2534,https://a.espncdn.com/combiner/i?img=/i/teamlogos/ncaa/500/2534.png&h=2000&w=2000,Sam Houston,Bearkats,0-0,0,0,0,
311,https://a.espncdn.com/combiner/i?img=/i/teamlogos/ncaa/500/311.png&h=2000&w=2000,Maine,Black Bears,0-0,0,0,0,
2630,https://a.espncdn.com/combiner/i?img=/i/teamlogos/ncaa/500/2630.png&h=2000&w=2000,UT Martin,Skyhawks,0-0,0,0,0,
119,https://a.espncdn.com/combiner/i?img=/i/teamlogos/ncaa/500/119.png&h=2000&w=2000,Towson,Tigers,0-0,0,0,0,
233,https://a.espncdn.com/combiner/i?img=/i/teamlogos/ncaa/500/233.png&h=2000&w=2000,South Dakota,Coyotes,0-0,0,0,0,
2579,https://a.espncdn.com/combiner/i?img=/i/teamlogos/ncaa/500/2579.png&h=2000&w=2000,South Carolina,Gamecocks,0-0,0,0,0,28
278,https://a.espncdn.com/combiner/i?img=/i/teamlogos/ncaa/500/278.png&h=2000&w=2000,Fresno State,Bulldogs,0-0,0,0,0,25
77,https://a.espncdn.com/combiner/i?img=/i/teamlogos/ncaa/500/77.png&h=2000&w=2000,Northwestern,Wildcats,0-0,0,0,0,17
2348,https://a.espncdn.com/combiner/i?img=/i/teamlogos/ncaa/500/2348.png&h=2000&w=2000,Louisiana Tech,Bulldogs,0-0,0,0,0,18
152,https://a.espncdn.com/combiner/i?img=/i/teamlogos/ncaa/500/152.png&h=2000&w=2000,NC State,Wolfpack,0-0,0,0,0,12
2916,https://a.espncdn.com/combiner/i?img=/i/teamlogos/ncaa/500/2916.png&h=2000&w=2000,Incarnate Word,Cardinals,0-0,0,0,0,
2010,https://a.espncdn.com/combiner/i?img=/i/teamlogos/ncaa/500/2010.png&h=2000&w=2000,Alabama A&M,Bulldogs,0-0,0,0,0,
258,https://a.espncdn.com/combiner/i?img=/i/teamlogos/ncaa/500/258.png&h=2000&w=2000,Virginia,Cavaliers,0-0,0,0,0,13
2084,https://a.espncdn.com/combiner/i?img=/i/teamlogos/ncaa/500/2084.png&h=2000&w=2000,Buffalo,Bulls,0-0,0,0,0,21
58,https://a.espncdn.com/combiner/i?img=/i/teamlogos/ncaa/500/58.png&h=2000&w=2000,South Florida,Bulls,0-0,0,0,0,10
2464,https://a.espncdn.com/combiner/i?img=/i/teamlogos/ncaa/500/2464.png&h=2000&w=2000,Northern Arizona,Lumberjacks,0-0,0,0,0,
265,https://a.espncdn.com/combiner/i?img=/i/teamlogos/ncaa/500/265.png&h=2000&w=2000,Washington State,Cougars,0-0,0,0,0,26
25,https://a.espncdn.com/combiner/i?img=/i/teamlogos/ncaa/500/25.png&h=2000&w=2000,California,Golden Bears,0-0,0,0,0,26
2502,https://a.espncdn.com/combiner/i?img=/i/teamlogos/ncaa/500/2502.png&h=2000&w=2000,Portland State,Vikings,0-0,0,0,0,
38,https://a.espncdn.com/combiner/i?img=/i/teamlogos/ncaa/500/38.png&h=2000&w=2000,Colorado,Buffaloes,0-0,0,0,0,26
324,https://a.espncdn.com/combiner/i?img=/i/teamlogos/ncaa/500/324.png&h=2000&w=2000,Coastal Carolina,Chanticleers,0-0,0,0,0,31
2440,https://a.espncdn.com/combiner/i?img=/i/teamlogos/ncaa/500/2440.png&h=2000&w=2000,Nevada,Wolf Pack,0-0,0,0,0,25
68,https://a.espncdn.com/combiner/i?img=/i/teamlogos/ncaa/500/68.png&h=2000&w=2000,Boise State,Broncos,0-0,0,0,0,24
2634,https://a.espncdn.com/combiner/i?img=/i/teamlogos/ncaa/500/2634.png&h=2000&w=2000,Tennessee State,Tigers,0-0,0,0,0,
2459,https://a.espncdn.com/combiner/i?img=/i/teamlogos/ncaa/500/2459.png&h=2000&w=2000,Northern Illinois,Huskies,0-0,0,0,0,22
2747,https://a.espncdn.com/combiner/i?img=/i/teamlogos/ncaa/500/2747.png&h=2000&w=2000,Wofford,Terriers,0-0,0,0,0,
2142,https://a.espncdn.com/combiner/i?img=/i/teamlogos/ncaa/500/2142.png&h=2000&w=2000,Colgate,Raiders,0-0,0,0,0,
295,https://a.espncdn.com/combiner/i?img=/i/teamlogos/ncaa/500/295.png&h=2000&w=2000,Old Dominion,Monarchs,0-0,0,0,0,31
326,https://a.espncdn.com/combiner/i?img=/i/teamlogos/ncaa/500/326.png&h=2000&w=2000,Texas State,Bobcats,0-0,0,0,0,32
2198,https://a.espncdn.com/combiner/i?img=/i/teamlogos/ncaa/500/2198.png&h=2000&w=2000,Eastern Kentucky,Colonels,0-0,0,0,0,
2636,https://a.espncdn.com/combiner/i?img=/i/teamlogos/ncaa/500/2636.png&h=2000&w=2000,UTSA,Roadrunners,0-0,0,0,0,18
2460,https://a.espncdn.com/combiner/i?img=/i/teamlogos/ncaa/500/2460.png&h=2000&w=2000,Northern Iowa,Panthers,0-0,0,0,0,
2546,https://a.espncdn.com/combiner/i?img=/i/teamlogos/ncaa/500/2546.png&h=2000&w=2000,Southeast Missouri State,Redhawks,0-0,0,0,0,
2032,https://a.espncdn.com/combiner/i?img=/i/teamlogos/ncaa/500/2032.png&h=2000&w=2000,Arkansas State,Red Wolves,0-0,0,0,0,32
2110,https://a.espncdn.com/combiner/i?img=/i/teamlogos/ncaa/500/2110.png&h=2000&w=2000,Central Arkansas,Bears,0-0,0,0,0,
242,https://a.espncdn.com/combiner/i?img=/i/teamlogos/ncaa/500/242.png&h=2000&w=2000,Rice,Owls,0-0,0,0,0,18
2641,https://a.espncdn.com/combiner/i?img=/i/teamlogos/ncaa/500/2641.png&h=2000&w=2000,Texas Tech,Red Raiders,0-0,0,0,0,14
2029,https://a.espncdn.com/combiner/i?img=/i/teamlogos/ncaa/500/2029.png&h=2000&w=2000,Arkansas-Pine Bluff,Golden Lions,0-0,0,0,0,
6,https://a.espncdn.com/combiner/i?img=/i/teamlogos/ncaa/500/6.png&h=2000&w=2000,South Alabama,Jaguars,0-0,0,0,0,32
2006,https://a.espncdn.com/combiner/i?img=/i/teamlogos/ncaa/500/2006.png&h=2000&w=2000,Akron,Zips,0-0,0,0,0,21
2569,https://a.espncdn.com/combiner/i?img=/i/teamlogos/ncaa/500/2569.png&h=2000&w=2000,South Carolina State,Bulldogs,0-0,0,0,0,
2405,https://a.espncdn.com/combiner/i?img=/i/teamlogos/ncaa/500/2405.png&h=2000&w=2000,Monmouth,Hawks,0-0,0,0,0,
2065,https://a.espncdn.com/combiner/i?img=/i/teamlogos/ncaa/500/2065.png&h=2000&w=2000,Bethune-Cookman,Wildcats,0-0,0,0,0,
2241,https://a.espncdn.com/combiner/i?img=/i/teamlogos/ncaa/500/2241.png&h=2000&w=2000,Gardner-Webb,Runnin' Bulldogs,0-0,0,0,0,
2643,https://a.espncdn.com/combiner/i?img=/i/teamlogos/ncaa/500/2643.png&h=2000&w=2000,The Citadel,Bulldogs,0-0,0,0,0,
2083,https://a.espncdn.com/combiner/i?img=/i/teamlogos/ncaa/500/2083.png&h=2000&w=2000,Bucknell,Bison,0-0,0,0,0,
399,https://a.espncdn.com/combiner/i?img=/i/teamlogos/ncaa/500/399.png&h=2000&w=2000,Albany,Great Danes,0-0,0,0,0,
2466,https://a.espncdn.com/combiner/i?img=/i/teamlogos/ncaa/500/2466.png&h=2000&w=2000,Northwestern State,Demons,0-0,0,0,0,
2016,https://a.espncdn.com/combiner/i?img=/i/teamlogos/ncaa/500/2016.png&h=2000&w=2000,Alcorn State,Braves,0-0,0,0,0,
2617,https://a.espncdn.com/combiner/i?img=/i/teamlogos/ncaa/500/2617.png&h=2000&w=2000,Stephen F. Austin,Lumberjacks,0-0,0,0,0,
112358,https://a.espncdn.com/combiner/i?img=/i/teamlogos/ncaa/500/112358.png&h=2000&w=2000,Long Island University,Sharks,0-0,0,0,0,
2523,https://a.espncdn.com/combiner/i?img=/i/teamlogos/ncaa/500/2523.png&h=2000&w=2000,Robert Morris,Colonials,0-0,0,0,0,
304,https://a.espncdn.com/combiner/i?img=/i/teamlogos/ncaa/500/304.png&h=2000&w=2000,Idaho State,Bengals,0-0,0,0,0,
2803,https://a.espncdn.com/combiner/i?img=/i/teamlogos/ncaa/500/2803.png&h=2000&w=2000,Bryant,Bulldogs,0-0,0,0,0,
2393,https://a.espncdn.com/combiner/i?img=/i/teamlogos/ncaa/500/2393.png&h=2000&w=2000,Middle Tennessee,Blue Raiders,0-0,0,0,0,18
2717,https://a.espncdn.com/combiner/i?img=/i/teamlogos/ncaa/500/2717.png&h=2000&w=2000,Western Carolina,Catamounts,0-0,0,0,0,
2649,https://a.espncdn.com/combiner/i?img=/i/teamlogos/ncaa/500/2649.png&h=2000&w=2000,Toledo,Rockets,0-0,0,0,0,22
194,https://a.espncdn.com/combiner/i?img=/i/teamlogos/ncaa/500/194.png&h=2000&w=2000,Ohio State,Buckeyes,0-0,0,0,0,16
328,https://a.espncdn.com/combiner/i?img=/i/teamlogos/ncaa/500/328.png&h=2000&w=2000,Utah State,Aggies,0-0,0,0,0,24
2050,https://a.espncdn.com/combiner/i?img=/i/teamlogos/ncaa/500/2050.png&h=2000&w=2000,Ball State,Cardinals,0-0,0,0,0,22
189,https://a.espncdn.com/combiner/i?img=/i/teamlogos/ncaa/500/189.png&h=2000&w=2000,Bowling Green,Falcons,0-0,0,0,0,21
151,https://a.espncdn.com/combiner/i?img=/i/teamlogos/ncaa/500/151.png&h=2000&w=2000,East Carolina,Pirates,0-0,0,0,0,10
2117,https://a.espncdn.com/combiner/i?img=/i/teamlogos/ncaa/500/2117.png&h=2000&w=2000,Central Michigan,Chippewas,0-0,0,0,0,22
2545,https://a.espncdn.com/combiner/i?img=/i/teamlogos/ncaa/500/2545.png&h=2000&w=2000,SE Louisiana,Lions,0-0,0,0,0,
2710,https://a.espncdn.com/combiner/i?img=/i/teamlogos/ncaa/500/2710.png&h=2000&w=2000,Western Illinois,Leathernecks,0-0,0,0,0,
2382,https://a.espncdn.com/combiner/i?img=/i/teamlogos/ncaa/500/2382.png&h=2000&w=2000,Mercer,Bears,0-0,0,0,0,
277,https://a.espncdn.com/combiner/i?img=/i/teamlogos/ncaa/500/277.png&h=2000&w=2000,West Virginia,Mountaineers,0-0,0,0,0,14
167,https://a.espncdn.com/combiner/i?img=/i/teamlogos/ncaa/500/167.png&h=2000&w=2000,New Mexico,Lobos,0-0,0,0,0,24
349,https://a.espncdn.com/combiner/i?img=/i/teamlogos/ncaa/500/349.png&h=2000&w=2000,Army,Black Knights,0-0,0,0,0,19
99,https://a.espncdn.com/combiner/i?img=/i/teamlogos/ncaa/500/99.png&h=2000&w=2000,LSU,Tigers,0-0,0,0,0,29
204,https://a.espncdn.com/combiner/i?img=/i/teamlogos/ncaa/500/204.png&h=2000&w=2000,Oregon State,Beavers,0-0,0,0,0,26
228,https://a.espncdn.com/combiner/i?img=/i/teamlogos/ncaa/500/228.png&h=2000&w=2000,Clemson,Tigers,0-0,0,0,0,12
93,https://a.espncdn.com/combiner/i?img=/i/teamlogos/ncaa/500/93.png&h=2000&w=2000,Murray State,Racers,0-0,0,0,0,
251,https://a.espncdn.com/combiner/i?img=/i/teamlogos/ncaa/500/251.png&h=2000&w=2000,Texas,Longhorns,0-0,0,0,0,14
2169,https://a.espncdn.com/combiner/i?img=/i/teamlogos/ncaa/500/2169.png&h=2000&w=2000,Delaware State,Hornets,0-0,0,0,0,
2377,https://a.espncdn.com/combiner/i?img=/i/teamlogos/ncaa/500/2377.png&h=2000&w=2000,McNeese,Cowboys,0-0,0,0,0,
166,https://a.espncdn.com/combiner/i?img=/i/teamlogos/ncaa/500/166.png&h=2000&w=2000,New Mexico State,Aggies,0-0,0,0,0,19
245,https://a.espncdn.com/combiner/i?img=/i/teamlogos/ncaa/500/245.png&h=2000&w=2000,Texas A&M,Aggies,0-0,0,0,0,29
257,https://a.espncdn.com/combiner/i?img=/i/teamlogos/ncaa/500/257.png&h=2000&w=2000,Richmond,Spiders,0-0,0,0,0,
218,https://a.espncdn.com/combiner/i?img=/i/teamlogos/ncaa/500/218.png&h=2000&w=2000,Temple,Owls,0-0,0,0,0,10
2005,https://a.espncdn.com/combiner/i?img=/i/teamlogos/ncaa/500/2005.png&h=2000&w=2000,Air Force,Falcons,0-0,0,0,0,24
145,https://a.espncdn.com/combiner/i?img=/i/teamlogos/ncaa/500/145.png&h=2000&w=2000,Ole Miss,Rebels,0-0,0,0,0,29
275,https://a.espncdn.com/combiner/i?img=/i/teamlogos/ncaa/500/275.png&h=2000&w=2000,Wisconsin,Badgers,0-0,0,0,0,17
197,https://a.espncdn.com/combiner/i?img=/i/teamlogos/ncaa/500/197.png&h=2000&w=2000,Oklahoma State,Cowboys,0-0,0,0,0,14
254,https://a.espncdn.com/combiner/i?img=/i/teamlogos/ncaa/500/254.png&h=2000&w=2000,Utah,Utes,0-0,0,0,0,26
302,https://a.espncdn.com/combiner/i?img=/i/teamlogos/ncaa/500/302.png&h=2000&w=2000,UC Davis,Aggies,0-0,0,0,0,
26,https://a.espncdn.com/combiner/i?img=/i/teamlogos/ncaa/500/26.png&h=2000&w=2000,UCLA,Bruins,0-0,0,0,0,26
2483,https://a.espncdn.com/combiner/i?img=/i/teamlogos/ncaa/500/2483.png&h=2000&w=2000,Oregon,Ducks,0-0,0,0,0,26
202,https://a.espncdn.com/combiner/i?img=/i/teamlogos/ncaa/500/202.png&h=2000&w=2000,Tulsa,Golden Hurricane,0-0,0,0,0,10
87,https://a.espncdn.com/combiner/i?img=/i/teamlogos/ncaa/500/87.png&h=2000&w=2000,Notre Dame,Fighting Irish,0-0,0,0,0,19
107,https://a.espncdn.com/combiner/i?img=/i/teamlogos/ncaa/500/107.png&h=2000&w=2000,Holy Cross,Crusaders,0-0,0,0,0,
2127,https://a.espncdn.com/combiner/i?img=/i/teamlogos/ncaa/500/2127.png&h=2000&w=2000,Charleston Southern,Buccaneers,0-0,0,0,0,
322,https://a.espncdn.com/combiner/i?img=/i/teamlogos/ncaa/500/322.png&h=2000&w=2000,Lafayette,Leopards,0-0,0,0,0,
2572,https://a.espncdn.com/combiner/i?img=/i/teamlogos/ncaa/500/2572.png&h=2000&w=2000,Southern Miss,Golden Eagles,0-0,0,0,0,32
2026,https://a.espncdn.com/combiner/i?img=/i/teamlogos/ncaa/500/2026.png&h=2000&w=2000,Appalachian State,Mountaineers,0-0,0,0,0,31
2132,https://a.espncdn.com/combiner/i?img=/i/teamlogos/ncaa/500/2132.png&h=2000&w=2000,Cincinnati,Bearcats,0-0,0,0,0,10
2711,https://a.espncdn.com/combiner/i?img=/i/teamlogos/ncaa/500/2711.png&h=2000&w=2000,Western Michigan,Broncos,0-0,0,0,0,22
256,https://a.espncdn.com/combiner/i?img=/i/teamlogos/ncaa/500/256.png&h=2000&w=2000,James Madison,Dukes,0-0,0,0,0,31
2116,https://a.espncdn.com/combiner/i?img=/i/teamlogos/ncaa/500/2116.png&h=2000&w=2000,UCF,Knights,0-0,0,0,0,10
2653,https://a.espncdn.com/combiner/i?img=/i/teamlogos/ncaa/500/2653.png&h=2000&w=2000,Troy,Trojans,0-0,0,0,0,32
2567,https://a.espncdn.com/combiner/i?img=/i/teamlogos/ncaa/500/2567.png&h=2000&w=2000,SMU,Mustangs,0-0,0,0,0,10
248,https://a.espncdn.com/combiner/i?img=/i/teamlogos/ncaa/500/248.png&h=2000&w=2000,Houston,Cougars,0-0,0,0,0,10
2447,https://a.espncdn.com/combiner/i?img=/i/teamlogos/ncaa/500/2447.png&h=2000&w=2000,Nicholls,Colonels,0-0,0,0,0,
2184,https://a.espncdn.com/combiner/i?img=/i/teamlogos/ncaa/500/2184.png&h=2000&w=2000,Duquesne,Dukes,0-0,0,0,0,
5,https://a.espncdn.com/combiner/i?img=/i/teamlogos/ncaa/500/5.png&h=2000&w=2000,UAB,Blazers,0-0,0,0,0,18
276,https://a.espncdn.com/combiner/i?img=/i/teamlogos/ncaa/500/276.png&h=2000&w=2000,Marshall,Thundering Herd,0-0,0,0,0,31
50,https://a.espncdn.com/combiner/i?img=/i/teamlogos/ncaa/500/50.png&h=2000&w=2000,Florida A&M,Rattlers,0-0,0,0,0,
235,https://a.espncdn.com/combiner/i?img=/i/teamlogos/ncaa/500/235.png&h=2000&w=2000,Memphis,Tigers,0-0,0,0,0,10
2681,https://a.espncdn.com/combiner/i?img=/i/teamlogos/ncaa/500/2681.png&h=2000&w=2000,Wagner,Seahawks,0-0,0,0,0,
309,https://a.espncdn.com/combiner/i?img=/i/teamlogos/ncaa/500/309.png&h=2000&w=2000,Louisiana,Ragin' Cajuns,0-0,0,0,0,32
2320,https://a.espncdn.com/combiner/i?img=/i/teamlogos/ncaa/500/2320.png&h=2000&w=2000,Lamar,Cardinals,0-0,0,0,0,
160,https://a.espncdn.com/combiner/i?img=/i/teamlogos/ncaa/500/160.png&h=2000&w=2000,New Hampshire,Wildcats,0-0,0,0,0,
79,https://a.espncdn.com/combiner/i?img=/i/teamlogos/ncaa/500/79.png&h=2000&w=2000,Southern Illinois,Salukis,0-0,0,0,0,
2640,https://a.espncdn.com/combiner/i?img=/i/teamlogos/ncaa/500/2640.png&h=2000&w=2000,Texas Southern,Tigers,0-0,0,0,0,
2415,https://a.espncdn.com/combiner/i?img=/i/teamlogos/ncaa/500/2415.png&h=2000&w=2000,Morgan State,Bears,0-0,0,0,0,
2197,https://a.espncdn.com/combiner/i?img=/i/teamlogos/ncaa/500/2197.png&h=2000&w=2000,Eastern Illinois,Panthers,0-0,0,0,0,
2230,https://a.espncdn.com/combiner/i?img=/i/teamlogos/ncaa/500/2230.png&h=2000&w=2000,Fordham,Rams,0-0,0,0,0,
331,https://a.espncdn.com/combiner/i?img=/i/teamlogos/ncaa/500/331.png&h=2000&w=2000,Eastern Washington,Eagles,0-0,0,0,0,
70,https://a.espncdn.com/combiner/i?img=/i/teamlogos/ncaa/500/70.png&h=2000&w=2000,Idaho,Vandals,0-0,0,0,0,
2635,https://a.espncdn.com/combiner/i?img=/i/teamlogos/ncaa/500/2635.png&h=2000&w=2000,Tennessee Tech,Golden Eagles,0-0,0,0,0,
13,https://a.espncdn.com/combiner/i?img=/i/teamlogos/ncaa/500/13.png&h=2000&w=2000,Cal Poly,Mustangs,0-0,0,0,0,
2,https://a.espncdn.com/combiner/i?img=/i/teamlogos/ncaa/500/2.png&h=2000&w=2000,Auburn,Tigers,0-0,0,0,0,29
55,https://a.espncdn.com/combiner/i?img=/i/teamlogos/ncaa/500/55.png&h=2000&w=2000,Jacksonville State,Gamecocks,0-0,0,0,0,
249,https://a.espncdn.com/combiner/i?img=/i/teamlogos/ncaa/500/249.png&h=2000&w=2000,North Texas,Mean Green,0-0,0,0,0,18
41,https://a.espncdn.com/combiner/i?img=/i/teamlogos/ncaa/500/41.png&h=2000&w=2000,UConn,Huskies,0-0,0,0,0,19
282,https://a.espncdn.com/combiner/i?img=/i/teamlogos/ncaa/500/282.png&h=2000&w=2000,Indiana State,Sycamores,0-0,0,0,0,
2294,https://a.espncdn.com/combiner/i?img=/i/teamlogos/ncaa/500/2294.png&h=2000&w=2000,Iowa,Hawkeyes,0-0,0,0,0,17
356,https://a.espncdn.com/combiner/i?img=/i/teamlogos/ncaa/500/356.png&h=2000&w=2000,Illinois,Fighting Illini,0-0,0,0,0,17
2755,https://a.espncdn.com/combiner/i?img=/i/teamlogos/ncaa/500/2755.png&h=2000&w=2000,Grambling,Tigers,0-0,0,0,0,
2429,https://a.espncdn.com/combiner/i?img=/i/teamlogos/ncaa/500/2429.png&h=2000&w=2000,Charlotte,49ers,0-0,0,0,0,18
2439,https://a.espncdn.com/combiner/i?img=/i/teamlogos/ncaa/500/2439.png&h=2000&w=2000,UNLV,Rebels,0-0,0,0,0,25
2199,https://a.espncdn.com/combiner/i?img=/i/teamlogos/ncaa/500/2199.png&h=2000&w=2000,Eastern Michigan,Eagles,0-0,0,0,0,22
12,https://a.espncdn.com/combiner/i?img=/i/teamlogos/ncaa/500/12.png&h=2000&w=2000,Arizona,Wildcats,0-0,0,0,0,26
2754,https://a.espncdn.com/combiner/i?img=/i/teamlogos/ncaa/500/2754.png&h=2000&w=2000,Youngstown State,Penguins,0-0,0,0,0,
48,https://a.espncdn.com/combiner/i?img=/i/teamlogos/ncaa/500/48.png&h=2000&w=2000,Delaware,Blue Hens,0-0,0,0,0,
231,https://a.espncdn.com/combiner/i?img=/i/teamlogos/ncaa/500/231.png&h=2000&w=2000,Furman,Paladins,0-0,0,0,0,
2046,https://a.espncdn.com/combiner/i?img=/i/teamlogos/ncaa/500/2046.png&h=2000&w=2000,Austin Peay,Governors,0-0,0,0,0,
2509,https://a.espncdn.com/combiner/i?img=/i/teamlogos/ncaa/500/2509.png&h=2000&w=2000,Purdue,Boilermakers,0-0,0,0,0,17
238,https://a.espncdn.com/combiner/i?img=/i/teamlogos/ncaa/500/238.png&h=2000&w=2000,Vanderbilt,Commodores,0-0,0,0,0,28
2277,https://a.espncdn.com/combiner/i?img=/i/teamlogos/ncaa/500/2277.png&h=2000&w=2000,Houston Christian,Huskies,0-0,0,0,0,
252,https://a.espncdn.com/combiner/i?img=/i/teamlogos/ncaa/500/252.png&h=2000&w=2000,BYU,Cougars,0-0,0,0,0,19
2633,https://a.espncdn.com/combiner/i?img=/i/teamlogos/ncaa/500/2633.png&h=2000&w=2000,Tennessee,Volunteers,0-0,0,0,0,28
213,https://a.espncdn.com/combiner/i?img=/i/teamlogos/ncaa/500/213.png&h=2000&w=2000,Penn State,Nittany Lions,0-0,0,0,0,16
183,https://a.espncdn.com/combiner/i?img=/i/teamlogos/ncaa/500/183.png&h=2000&w=2000,Syracuse,Orange,0-0,0,0,0,12
333,https://a.espncdn.com/combiner/i?img=/i/teamlogos/ncaa/500/333.png&h=2000&w=2000,Alabama,Crimson Tide,0-0,0,0,0,29
2433,https://a.espncdn.com/combiner/i?img=/i/teamlogos/ncaa/500/2433.png&h=2000&w=2000,UL Monroe,Warhawks,0-0,0,0,0,32
36,https://a.espncdn.com/combiner/i?img=/i/teamlogos/ncaa/500/36.png&h=2000&w=2000,Colorado State,Rams,0-0,0,0,0,24
21,https://a.espncdn.com/combiner/i?img=/i/teamlogos/ncaa/500/21.png&h=2000&w=2000,San Diego State,Aztecs,0-0,0,0,0,25
16,https://a.espncdn.com/combiner/i?img=/i/teamlogos/ncaa/500/16.png&h=2000&w=2000,Sacramento State,Hornets,0-0,0,0,0,
2428,https://a.espncdn.com/combiner/i?img=/i/teamlogos/ncaa/500/2428.png&h=2000&w=2000,North Carolina Central,Eagles,0-0,0,0,0,
2692,https://a.espncdn.com/combiner/i?img=/i/teamlogos/ncaa/500/2692.png&h=2000&w=2000,Weber State,Wildcats,0-0,0,0,0,
2458,https://a.espncdn.com/combiner/i?img=/i/teamlogos/ncaa/500/2458.png&h=2000&w=2000,Northern Colorado,Bears,0-0,0,0,0,
52,https://a.espncdn.com/combiner/i?img=/i/teamlogos/ncaa/500/52.png&h=2000&w=2000,Florida State,Seminoles,0-0,0,0,0,12
2226,https://a.espncdn.com/combiner/i?img=/i/teamlogos/ncaa/500/2226.png&h=2000&w=2000,Florida Atlantic,Owls,0-0,0,0,0,18
2678,https://a.espncdn.com/combiner/i?img=/i/teamlogos/ncaa/500/2678.png&h=2000&w=2000,VMI,Keydets,0-0,0,0,0,
221,https://a.espncdn.com/combiner/i?img=/i/teamlogos/ncaa/500/221.png&h=2000&w=2000,Pittsburgh,Panthers,0-0,0,0,0,13
154,https://a.espncdn.com/combiner/i?img=/i/teamlogos/ncaa/500/154.png&h=2000&w=2000,Wake Forest,Demon Deacons,0-0,0,0,0,12
2628,https://a.espncdn.com/combiner/i?img=/i/teamlogos/ncaa/500/2628.png&h=2000&w=2000,TCU,Horned Frogs,0-0,0,0,0,14
2305,https://a.espncdn.com/combiner/i?img=/i/teamlogos/ncaa/500/2305.png&h=2000&w=2000,Kansas,Jayhawks,0-0,0,0,0,14
66,https://a.espncdn.com/combiner/i?img=/i/teamlogos/ncaa/500/66.png&h=2000&w=2000,Iowa State,Cyclones,0-0,0,0,0,14
2751,https://a.espncdn.com/combiner/i?img=/i/teamlogos/ncaa/500/2751.png&h=2000&w=2000,Wyoming,Cowboys,0-0,0,0,0,24
2627,https://a.espncdn.com/combiner/i?img=/i/teamlogos/ncaa/500/2627.png&h=2000&w=2000,Tarleton,Texans,0-0,0,0,0,
201,https://a.espncdn.com/combiner/i?img=/i/teamlogos/ncaa/500/201.png&h=2000&w=2000,Oklahoma,Sooners,0-0,0,0,0,14
222,https://a.espncdn.com/combiner/i?img=/i/teamlogos/ncaa/500/222.png&h=2000&w=2000,Villanova,Wildcats,0-0,0,0,0,
2655,https://a.espncdn.com/combiner/i?img=/i/teamlogos/ncaa/500/2655.png&h=2000&w=2000,Tulane,Green Wave,0-0,0,0,0,10
2450,https://a.espncdn.com/combiner/i?img=/i/teamlogos/ncaa/500/2450.png&h=2000&w=2000,Norfolk State,Spartans,0-0,0,0,0,
2247,https://a.espncdn.com/combiner/i?img=/i/teamlogos/ncaa/500/2247.png&h=2000&w=2000,Georgia State,Panthers,0-0,0,0,0,31
2504,https://a.espncdn.com/combiner/i?img=/i/teamlogos/ncaa/500/2504.png&h=2000&w=2000,Prairie View A&M,Panthers,0-0,0,0,0,
2619,https://a.espncdn.com/combiner/i?img=/i/teamlogos/ncaa/500/2619.png&h=2000&w=2000,Stony Brook,Seawolves,0-0,0,0,0,
2296,https://a.espncdn.com/combiner/i?img=/i/teamlogos/ncaa/500/2296.png&h=2000&w=2000,Jackson State,Tigers,0-0,0,0,0,
2115,https://a.espncdn.com/combiner/i?img=/i/teamlogos/ncaa/500/2115.png&h=2000&w=2000,Central Connecticut,Blue Devils,0-0,0,0,0,
155,https://a.espncdn.com/combiner/i?img=/i/teamlogos/ncaa/500/155.png&h=2000&w=2000,North Dakota,Fighting Hawks,0-0,0,0,0,
2535,https://a.espncdn.com/combiner/i?img=/i/teamlogos/ncaa/500/2535.png&h=2000&w=2000,Samford,Bulldogs,0-0,0,0,0,
2335,https://a.espncdn.com/combiner/i?img=/i/teamlogos/ncaa/500/2335.png&h=2000&w=2000,Liberty,Flames,0-0,0,0,0,19
264,https://a.espncdn.com/combiner/i?img=/i/teamlogos/ncaa/500/264.png&h=2000&w=2000,Washington,Huskies,0-0,0,0,0,26
2306,https://a.espncdn.com/combiner/i?img=/i/teamlogos/ncaa/500/2306.png&h=2000&w=2000,Kansas State,Wildcats,0-0,0,0,0,14
135,https://a.espncdn.com/combiner/i?img=/i/teamlogos/ncaa/500/135.png&h=2000&w=2000,Minnesota,Golden Gophers,0-0,0,0,0,17
98,https://a.espncdn.com/combiner/i?img=/i/teamlogos/ncaa/500/98.png&h=2000&w=2000,Western Kentucky,Hilltoppers,0-0,0,0,0,18
59,https://a.espncdn.com/combiner/i?img=/i/teamlogos/ncaa/500/59.png&h=2000&w=2000,Georgia Tech,Yellow Jackets,0-0,0,0,0,13
259,https://a.espncdn.com/combiner/i?img=/i/teamlogos/ncaa/500/259.png&h=2000&w=2000,Virginia Tech,Hokies,0-0,0,0,0,13
290,https://a.espncdn.com/combiner/i?img=/i/teamlogos/ncaa/500/290.png&h=2000&w=2000,Georgia Southern,Eagles,0-0,0,0,0,31
164,https://a.espncdn.com/combiner/i?img=/i/teamlogos/ncaa/500/164.png&h=2000&w=2000,Rutgers,Scarlet Knights,0-0,0,0,0,16
150,https://a.espncdn.com/combiner/i?img=/i/teamlogos/ncaa/500/150.png&h=2000&w=2000,Duke,Blue Devils,0-0,0,0,0,13
30,https://a.espncdn.com/combiner/i?img=/i/teamlogos/ncaa/500/30.png&h=2000&w=2000,USC,Trojans,0-0,0,0,0,26
103,https://a.espncdn.com/combiner/i?img=/i/teamlogos/ncaa/500/103.png&h=2000&w=2000,Boston College,Eagles,0-0,0,0,0,12
2390,https://a.espncdn.com/combiner/i?img=/i/teamlogos/ncaa/500/2390.png&h=2000&w=2000,Miami,Hurricanes,0-0,0,0,0,13
153,https://a.espncdn.com/combiner/i?img=/i/teamlogos/ncaa/500/153.png&h=2000&w=2000,North Carolina,Tar Heels,0-0,0,0,0,13
2837,https://a.espncdn.com/combiner/i?img=/i/teamlogos/ncaa/500/2837.png&h=2000&w=2000,Texas A&M-Commerce,Lions,0-0,0,0,0,
8,https://a.espncdn.com/combiner/i?img=/i/teamlogos/ncaa/500/8.png&h=2000&w=2000,Arkansas,Razorbacks,0-0,0,0,0,29
120,https://a.espncdn.com/combiner/i?img=/i/teamlogos/ncaa/500/120.png&h=2000&w=2000,Maryland,Terrapins,0-0,0,0,0,16
344,https://a.espncdn.com/combiner/i?img=/i/teamlogos/ncaa/500/344.png&h=2000&w=2000,Mississippi State,Bulldogs,0-0,0,0,0,29
96,https://a.espncdn.com/combiner/i?img=/i/teamlogos/ncaa/500/96.png&h=2000&w=2000,Kentucky,Wildcats,0-0,0,0,0,28
84,https://a.espncdn.com/combiner/i?img=/i/teamlogos/ncaa/500/84.png&h=2000&w=2000,Indiana,Hoosiers,0-0,0,0,0,16
130,https://a.espncdn.com/combiner/i?img=/i/teamlogos/ncaa/500/130.png&h=2000&w=2000,Michigan,Wolverines,0-0,0,0,0,16
142,https://a.espncdn.com/combiner/i?img=/i/teamlogos/ncaa/500/142.png&h=2000&w=2000,Missouri,Tigers,0-0,0,0,0,28
9,https://a.espncdn.com/combiner/i?img=/i/teamlogos/ncaa/500/9.png&h=2000&w=2000,Arizona State,Sun Devils,0-0,0,0,0,26
239,https://a.espncdn.com/combiner/i?img=/i/teamlogos/ncaa/500/239.png&h=2000&w=2000,Baylor,Bears,0-0,0,0,0,14
2000,https://a.espncdn.com/combiner/i?img=/i/teamlogos/ncaa/500/2000.png&h=2000&w=2000,Abilene Christian,Wildcats,0-0,0,0,0,
3101,https://a.espncdn.com/combiner/i?img=/i/teamlogos/ncaa/500/3101.png&h=2000&w=2000,Utah Tech,Trailblazers,0-0,0,0,0,
61,https://a.espncdn.com/combiner/i?img=/i/teamlogos/ncaa/500/61.png&h=2000&w=2000,Georgia,Bulldogs,0-0,0,0,0,28
127,https://a.espncdn.com/combiner/i?img=/i/teamlogos/ncaa/500/127.png&h=2000&w=2000,Michigan State,Spartans,0-0,0,0,0,16
2729,https://a.espncdn.com/combiner/i?img=/i/teamlogos/ncaa/500/2729.png&h=2000&w=2000,William & Mary,Tribe,0-0,0,0,0,
2771,https://a.espncdn.com/combiner/i?img=/i/teamlogos/ncaa/500/2771.png&h=2000&w=2000,Merrimack,Warriors,0-0,0,0,0,
2097,https://a.espncdn.com/combiner/i?img=/i/teamlogos/ncaa/500/2097.png&h=2000&w=2000,Campbell,Fighting Camels,0-0,0,0,0,
236,https://a.espncdn.com/combiner/i?img=/i/teamlogos/ncaa/500/236.png&h=2000&w=2000,Chattanooga,Mocs,0-0,0,0,0,
2529,https://a.espncdn.com/combiner/i?img=/i/teamlogos/ncaa/500/2529.png&h=2000&w=2000,Sacred Heart,Pioneers,0-0,0,0,0,
2453,https://a.espncdn.com/combiner/i?img=/i/teamlogos/ncaa/500/2453.png&h=2000&w=2000,North Alabama,Lions,0-0,0,0,0,
